,repo,file,clone_class_id,clone_type,test_name,class_size,llm_detectou
0,astroid,test_inference.py,CC0001,Type-2,InferenceTest.test_module_inference,4,YES
1,astroid,test_inference.py,CC0001,Type-2,InferenceTest.test_class_inference,4,YES
2,astroid,test_inference.py,CC0001,Type-2,InferenceTest.test_function_inference,4,YES
3,astroid,test_inference.py,CC0001,Type-2,InferenceTest.test_builtin_name_inference,4,YES
4,astroid,test_inference.py,CC0002,Type-2,InferenceTest.test_getattr_inference3,2,YES
5,astroid,test_inference.py,CC0002,Type-2,InferenceTest.test_getattr_inference4,2,YES
6,astroid,test_inference.py,CC0003,Type-2,InferenceTest.test_binary_op_int_add,9,YES
7,astroid,test_inference.py,CC0003,Type-2,InferenceTest.test_binary_op_int_sub,9,YES
8,astroid,test_inference.py,CC0003,Type-2,InferenceTest.test_binary_op_float_div,9,YES
9,astroid,test_inference.py,CC0003,Type-2,InferenceTest.test_binary_op_str_mul,9,YES
10,astroid,test_inference.py,CC0003,Type-2,InferenceTest.test_binary_op_int_bitand,9,YES
11,astroid,test_inference.py,CC0003,Type-2,InferenceTest.test_binary_op_int_bitor,9,YES
12,astroid,test_inference.py,CC0003,Type-2,InferenceTest.test_binary_op_int_bitxor,9,YES
13,astroid,test_inference.py,CC0003,Type-2,InferenceTest.test_binary_op_int_shiftright,9,YES
14,astroid,test_inference.py,CC0003,Type-2,InferenceTest.test_binary_op_int_shiftleft,9,YES
15,astroid,test_inference.py,CC0004,Type-2,InferenceTest.test_factory_methods_cls_call,2,YES
16,astroid,test_inference.py,CC0004,Type-2,InferenceTest.test_factory_methods_object_new_call,2,YES
17,astroid,test_inference.py,CC0005,Type-2,InferenceTest.test_str_methods,2,YES
18,astroid,test_inference.py,CC0005,Type-2,InferenceTest.test_unicode_methods,2,YES
19,astroid,test_inference.py,CC0006,Type-2,InferenceTest.test_slicing_list,3,YES
20,astroid,test_inference.py,CC0006,Type-2,InferenceTest.test_slicing_tuple,3,YES
21,astroid,test_inference.py,CC0006,Type-2,InferenceTest.test_slicing_str,3,YES
22,astroid,test_inference.py,CC0007,Type-2,test_slice_zero_step_does_not_raise_ValueError,2,YES
23,astroid,test_inference.py,CC0007,Type-2,test_slice_zero_step_on_str_does_not_raise_ValueError,2,YES
24,astroid,test_inference.py,CC0008,Type-2,test_namespace_package,3,YES
25,astroid,test_inference.py,CC0008,Type-2,test_namespace_package_same_name,3,YES
26,astroid,test_inference.py,CC0008,Type-2,test_relative_imports_init_package,3,YES
27,astroid,test_inference.py,CC0009,Type-2,test_imported_module_var_inferable,3,YES
28,astroid,test_inference.py,CC0009,Type-2,test_imported_module_var_inferable2,3,YES
29,astroid,test_inference.py,CC0009,Type-2,test_imported_module_var_inferable3,3,YES
30,astroid,test_inference.py,CC0010,Type-2,CallSiteTest.test_call_site_starred_args,2,YES
31,astroid,test_inference.py,CC0010,Type-2,CallSiteTest.test_call_site,2,YES
32,astroid,test_protocols.py,CC0011,Type-2,ProtocolTests.test_uninferable_list_multiplication,2,YES
33,astroid,test_protocols.py,CC0011,Type-2,ProtocolTests.test_uninferable_list_multiplication_with_multiple_operands,2,YES
34,astroid,test_protocols.py,CC0012,Type-2,ProtocolTests.test_list_multiplication_with_empty_list_and_overflowing_multiplier,3,YES
35,astroid,test_protocols.py,CC0012,Type-2,ProtocolTests.test_list_multiplication_with_zero_multiplier,3,YES
36,astroid,test_protocols.py,CC0012,Type-2,ProtocolTests.test_list_multiplication_with_negative_overflowing_multiplier,3,YES
37,astroid,test_protocols.py,CC0013,Type-2,TestGenericTypeSyntax.test_assigned_stmts_type_var,3,YES
38,astroid,test_protocols.py,CC0013,Type-2,TestGenericTypeSyntax.test_assigned_stmts_type_var_tuple,3,YES
39,astroid,test_protocols.py,CC0013,Type-2,TestGenericTypeSyntax.test_assigned_stmts_param_spec,3,YES
40,astroid,test_nodes_position.py,CC0014,Type-2,TestNodePosition.test_position_function,2,YES
41,astroid,test_nodes_position.py,CC0014,Type-2,TestNodePosition.test_position_async_function,2,YES
42,astroid,test_type_params.py,CC0015,Type-2,test_type_param_spec,2,YES
43,astroid,test_type_params.py,CC0015,Type-2,test_type_var_tuple,2,YES
44,astroid,test_inference_calls.py,CC0016,Type-2,test_no_return,8,YES
45,astroid,test_inference_calls.py,CC0016,Type-2,test_inner_call_with_dynamic_argument,8,YES
46,astroid,test_inference_calls.py,CC0016,Type-2,test_method_dynamic_instance_attr_1,8,YES
47,astroid,test_inference_calls.py,CC0016,Type-2,test_method_dynamic_instance_attr_3,8,YES
48,astroid,test_inference_calls.py,CC0016,Type-2,test_method_dynamic_instance_attr_4,8,YES
49,astroid,test_inference_calls.py,CC0016,Type-2,test_method_dynamic_instance_attr_5,8,YES
50,astroid,test_inference_calls.py,CC0016,Type-2,test_method_dynamic_instance_attr_6,8,YES
51,astroid,test_inference_calls.py,CC0016,Type-2,test_dunder_getitem,8,YES
52,astroid,test_inference_calls.py,CC0017,Type-2,test_one_return,8,YES
53,astroid,test_inference_calls.py,CC0017,Type-2,test_one_return_possible,8,YES
54,astroid,test_inference_calls.py,CC0017,Type-2,test_argument,8,YES
55,astroid,test_inference_calls.py,CC0017,Type-2,test_inner_call,8,YES
56,astroid,test_inference_calls.py,CC0017,Type-2,test_inner_call_with_const_argument,8,YES
57,astroid,test_inference_calls.py,CC0017,Type-2,test_method_const_instance_attr,8,YES
58,astroid,test_inference_calls.py,CC0017,Type-2,test_method_dynamic_instance_attr_2,8,YES
59,astroid,test_inference_calls.py,CC0017,Type-2,test_chained_attribute_inherited,8,YES
60,astroid,test_inference_calls.py,CC0018,Type-2,test_multiple_returns,3,YES
61,astroid,test_inference_calls.py,CC0018,Type-2,test_method_const_instance_attr_multiple,3,YES
62,astroid,test_inference_calls.py,CC0018,Type-2,test_method_const_instance_attr_same_method,3,YES
63,astroid,test_inference_calls.py,CC0019,Type-2,test_class_method,2,YES
64,astroid,test_inference_calls.py,CC0019,Type-2,test_static_method,2,YES
65,astroid,test_inference_calls.py,CC0020,Type-2,test_instance_method_inherited,2,YES
66,astroid,test_inference_calls.py,CC0020,Type-2,test_class_method_inherited,2,YES
67,astroid,test_utils.py,CC0021,Type-2,InferenceUtil.test_not_exclusive_walrus_operator,2,YES
68,astroid,test_utils.py,CC0021,Type-2,InferenceUtil.test_not_exclusive_walrus_operator_nested,2,YES
69,astroid,test_regrtest.py,CC0022,Type-2,NonRegressionTests.test_recursive_property_method,2,YES
70,astroid,test_regrtest.py,CC0022,Type-2,NonRegressionTests.test_uninferable_string_argument_of_namedtuple,2,YES
71,astroid,test_manager.py,CC0023,Type-2,AstroidManagerTest.test_ast_from_file_name_astro_builder_exception,3,YES
72,astroid,test_manager.py,CC0023,Type-2,AstroidManagerTest.test_ast_from_module_name_astro_builder_exception,3,YES
73,astroid,test_manager.py,CC0023,Type-2,AstroidManagerTest.test_ast_from_class_attr_error,3,YES
74,astroid,test_manager.py,CC0024,Type-2,AstroidManagerTest.test_ast_from_namespace_pkgutil,2,YES
75,astroid,test_manager.py,CC0024,Type-2,AstroidManagerTest.test_ast_from_namespace_pkg_resources,2,YES
76,astroid,test_manager.py,CC0025,Type-2,AstroidManagerTest.test_ast_from_module_name_egg,2,YES
77,astroid,test_manager.py,CC0025,Type-2,AstroidManagerTest.test_ast_from_module_name_zip,2,YES
78,astroid,test_raw_building.py,CC0026,Type-2,RawBuildingTC.test_build_class,2,YES
79,astroid,test_raw_building.py,CC0026,Type-2,RawBuildingTC.test_build_function,2,YES
80,astroid,test_raw_building.py,CC0027,Type-2,RawBuildingTC.test_module_object_with_broken_getattr,2,YES
81,astroid,test_raw_building.py,CC0027,Type-2,RawBuildingTC.test_module_collection_with_object_getattribute,2,YES
82,astroid,test_scoped_nodes.py,CC0028,Type-2,ModuleNodeTest.test_singleline_docstring,3,YES
83,astroid,test_scoped_nodes.py,CC0028,Type-2,ModuleNodeTest.test_multiline_docstring,3,YES
84,astroid,test_scoped_nodes.py,CC0028,Type-2,ModuleNodeTest.test_comment_before_docstring,3,YES
85,astroid,test_scoped_nodes.py,CC0029,Type-2,FunctionNodeTest.test_singleline_docstring,3,YES
86,astroid,test_scoped_nodes.py,CC0029,Type-2,FunctionNodeTest.test_multiline_docstring,3,YES
87,astroid,test_scoped_nodes.py,CC0029,Type-2,FunctionNodeTest.test_multiline_docstring_async,3,YES
88,astroid,test_scoped_nodes.py,CC0030,Type-2,ClassNodeTest.test_singleline_docstring,2,YES
89,astroid,test_scoped_nodes.py,CC0030,Type-2,ClassNodeTest.test_multiline_docstring,2,YES
90,astroid,test_scoped_nodes.py,CC0031,Type-2,test_property_in_body_of_try,2,YES
91,astroid,test_scoped_nodes.py,CC0031,Type-2,test_property_in_body_of_if,2,YES
92,astroid,test_scoped_nodes.py,CC0032,Type-2,test_issue940_metaclass_subclass_property,3,YES
93,astroid,test_scoped_nodes.py,CC0032,Type-2,test_issue940_property_grandchild,3,YES
94,astroid,test_scoped_nodes.py,CC0032,Type-2,test_issue940_metaclass_property,3,YES
95,astroid,test_scoped_nodes.py,CC0033,Type-2,test_issue940_metaclass_values_funcdef,2,YES
96,astroid,test_scoped_nodes.py,CC0033,Type-2,test_issue940_metaclass_derived_funcdef,2,YES
97,astroid,test_object_model.py,CC0034,Type-2,FunctionModelTest.test_empty_return_annotation,2,YES
98,astroid,test_object_model.py,CC0034,Type-2,FunctionModelTest.test_builtin_dunder_init_does_not_crash_when_accessing_annotations,2,YES
99,astroid,test_modutils.py,CC0035,Type-2,ModuleFileTest.test_find_zipped_module,2,YES
100,astroid,test_modutils.py,CC0035,Type-2,ModuleFileTest.test_find_egg_module,2,YES
101,astroid,test_modutils.py,CC0036,Type-2,LoadModuleFromNameTest.test_known_values_load_module_from_name_1,2,YES
102,astroid,test_modutils.py,CC0036,Type-2,LoadModuleFromNameTest.test_known_values_load_module_from_name_2,2,YES
103,astroid,test_modutils.py,CC0037,Type-2,GetModulePartTest.test_known_values_get_module_part_1,2,YES
104,astroid,test_modutils.py,CC0037,Type-2,GetModulePartTest.test_known_values_get_module_part_2,2,YES
105,astroid,test_modutils.py,CC0038,Type-2,GetModulePartTest.test_known_values_get_compiled_module_part,2,YES
106,astroid,test_modutils.py,CC0038,Type-2,GetModulePartTest.test_known_values_get_builtin_module_part,2,YES
107,astroid,test_modutils.py,CC0039,Type-2,GetModuleFilesTest.test_get_module_files_1,2,YES
108,astroid,test_modutils.py,CC0039,Type-2,GetModuleFilesTest.test_get_module_files_2,2,YES
109,astroid,test_modutils.py,CC0040,Type-2,IsStandardModuleTest.test_nonstandard,2,YES
110,astroid,test_modutils.py,CC0040,Type-2,IsStandardModuleTest.test_unknown,2,YES
111,astroid,test_modutils.py,CC0041,Type-2,IsStdLibModuleTest.test_nonstandard,2,YES
112,astroid,test_modutils.py,CC0041,Type-2,IsStdLibModuleTest.test_unknown,2,YES
113,astroid,test_modutils.py,CC0042,Type-2,ModuleInPathTest.test_bad_import,2,YES
114,astroid,test_modutils.py,CC0042,Type-2,ModuleInPathTest.test_no_filename,2,YES
115,astroid,test_modutils.py,CC0043,Type-2,IsRelativeTest.test_known_values_is_relative_1,5,YES
116,astroid,test_modutils.py,CC0043,Type-2,IsRelativeTest.test_known_values_is_relative_4,5,YES
117,astroid,test_modutils.py,CC0043,Type-2,IsRelativeTest.test_deep_relative,5,YES
118,astroid,test_modutils.py,CC0043,Type-2,IsRelativeTest.test_deep_relative3,5,YES
119,astroid,test_modutils.py,CC0043,Type-2,IsRelativeTest.test_deep_relative4,5,YES
120,astroid,test_modutils.py,CC0044,Type-2,IsRelativeTest.test_known_values_is_relative_3,4,YES
121,astroid,test_modutils.py,CC0044,Type-2,IsRelativeTest.test_known_values_is_relative_5,4,YES
122,astroid,test_modutils.py,CC0044,Type-2,IsRelativeTest.test_deep_relative2,4,YES
123,astroid,test_modutils.py,CC0044,Type-2,IsRelativeTest.test_is_relative_bad_path,4,YES
124,astroid,test_helpers.py,CC0045,Type-2,TestHelpers.test_inference_errors,2,YES
125,astroid,test_helpers.py,CC0045,Type-2,TestHelpers.test_object_type_too_many_types,2,YES
126,astroid,test_get_relative_base_path.py,CC0046,Type-2,TestModUtilsRelativePath.test_similar_prefixes_no_match,6,YES
127,astroid,test_get_relative_base_path.py,CC0046,Type-2,TestModUtilsRelativePath.test_valid_subdirectories,6,YES
128,astroid,test_get_relative_base_path.py,CC0046,Type-2,TestModUtilsRelativePath.test_case_sensitivity,6,YES
129,astroid,test_get_relative_base_path.py,CC0046,Type-2,TestModUtilsRelativePath.test_special_path_components,6,YES
130,astroid,test_get_relative_base_path.py,CC0046,Type-2,TestModUtilsRelativePath.test_nonexistent_paths,6,YES
131,astroid,test_get_relative_base_path.py,CC0046,Type-2,TestModUtilsRelativePath.test_empty_paths,6,YES
132,astroid,test_lookup.py,CC0047,Type-2,LookupTest.test_list_comp_target,2,YES
133,astroid,test_lookup.py,CC0047,Type-2,LookupTest.test_set_comp_closure,2,YES
134,astroid,test_lookup.py,CC0048,Type-2,LookupTest.test_lambda_nested,2,YES
135,astroid,test_lookup.py,CC0048,Type-2,LookupTest.test_function_nested,2,YES
136,astroid,test_lookup.py,CC0049,Type-2,LookupTest.test_list_comp_nested,2,YES
137,astroid,test_lookup.py,CC0049,Type-2,LookupTest.test_set_comp_nested,2,YES
138,astroid,test_lookup.py,CC0050,Type-2,LookupControlFlowTest.test_consecutive_assign,10,YES
139,astroid,test_lookup.py,CC0050,Type-2,LookupControlFlowTest.test_del_no_effect_after,10,YES
140,astroid,test_lookup.py,CC0050,Type-2,LookupControlFlowTest.test_assign_exclusive,10,YES
141,astroid,test_lookup.py,CC0050,Type-2,LookupControlFlowTest.test_assign_not_exclusive,10,YES
142,astroid,test_lookup.py,CC0050,Type-2,LookupControlFlowTest.test_del_exclusive,10,YES
143,astroid,test_lookup.py,CC0050,Type-2,LookupControlFlowTest.test_except_var_in_block,10,YES
144,astroid,test_lookup.py,CC0050,Type-2,LookupControlFlowTest.test_except_var_in_block_overwrites,10,YES
145,astroid,test_lookup.py,CC0050,Type-2,LookupControlFlowTest.test_except_assign_in_block,10,YES
146,astroid,test_lookup.py,CC0050,Type-2,LookupControlFlowTest.test_except_assign_in_block_multiple,10,YES
147,astroid,test_lookup.py,CC0050,Type-2,LookupControlFlowTest.test_except_assign_after_block_overwritten,10,YES
148,astroid,test_lookup.py,CC0051,Type-2,LookupControlFlowTest.test_assign_after_use,4,YES
149,astroid,test_lookup.py,CC0051,Type-2,LookupControlFlowTest.test_del_removes_prior,4,YES
150,astroid,test_lookup.py,CC0051,Type-2,LookupControlFlowTest.test_except_var_after_block_single,4,YES
151,astroid,test_lookup.py,CC0051,Type-2,LookupControlFlowTest.test_except_var_after_block_multiple,4,YES
152,astroid,test_lookup.py,CC0052,Type-2,LookupControlFlowTest.test_assign_after_param,3,YES
153,astroid,test_lookup.py,CC0052,Type-2,LookupControlFlowTest.test_assign_after_kwonly_param,3,YES
154,astroid,test_lookup.py,CC0052,Type-2,LookupControlFlowTest.test_assign_after_posonly_param,3,YES
155,astroid,test_lookup.py,CC0053,Type-2,LookupControlFlowTest.test_if_assign,5,YES
156,astroid,test_lookup.py,CC0053,Type-2,LookupControlFlowTest.test_if_assigns_same_branch,5,YES
157,astroid,test_lookup.py,CC0053,Type-2,LookupControlFlowTest.test_if_assigns_different_branch,5,YES
158,astroid,test_lookup.py,CC0053,Type-2,LookupControlFlowTest.test_if_else,5,YES
159,astroid,test_lookup.py,CC0053,Type-2,LookupControlFlowTest.test_except_assign_after_block,5,YES
160,astroid,test_constraint.py,CC0054,Type-2,test_if_single_statement,5,YES
161,astroid,test_constraint.py,CC0054,Type-2,test_if_multiple_statements,5,YES
162,astroid,test_constraint.py,CC0054,Type-2,test_nested_if,5,YES
163,astroid,test_constraint.py,CC0054,Type-2,test_if_instance_attr,5,YES
164,astroid,test_constraint.py,CC0054,Type-2,test_if_instance_attr_varname_collision1,5,YES
165,astroid,test_constraint.py,CC0055,Type-2,test_if_irrelevant_condition,2,YES
166,astroid,test_constraint.py,CC0055,Type-2,test_outside_if,2,YES
167,astroid,test_constraint.py,CC0056,Type-2,test_if_reassignment_in_body,3,YES
168,astroid,test_constraint.py,CC0056,Type-2,test_if_reassignment_in_else,3,YES
169,astroid,test_constraint.py,CC0056,Type-2,test_if_instance_attr_varname_collision4,3,YES
170,astroid,test_constraint.py,CC0057,Type-2,test_if_function_call,2,YES
171,astroid,test_constraint.py,CC0057,Type-2,test_if_instance_attr_varname_collision3,2,YES
172,astroid,test_builder.py,CC0058,Type-2,FromToLineNoTest.test_try_finally_lineno,2,YES
173,astroid,test_builder.py,CC0058,Type-2,FromToLineNoTest.test_try_finally_25_lineno,2,YES
174,astroid,test_builder.py,CC0059,Type-2,BuilderTest.test_no_future_imports,3,YES
175,astroid,test_builder.py,CC0059,Type-2,BuilderTest.test_future_imports,3,YES
176,astroid,test_builder.py,CC0059,Type-2,BuilderTest.test_two_future_imports,3,YES
177,astroid,test_builder.py,CC0060,Type-2,BuilderTest.test_data_build_null_bytes,2,YES
178,astroid,test_builder.py,CC0060,Type-2,BuilderTest.test_data_build_invalid_x_escape,2,YES
179,astroid,test_python3.py,CC0061,Type-2,Python3TC.test_simple_metaclass,3,YES
180,astroid,test_python3.py,CC0061,Type-2,Python3TC.test_metaclass_imported,3,YES
181,astroid,test_python3.py,CC0061,Type-2,Python3TC.test_metaclass_multiple_keywords,3,YES
182,astroid,test_python3.py,CC0062,Type-2,Python3TC.test_nested_unpacking_in_dicts,2,YES
183,astroid,test_python3.py,CC0062,Type-2,Python3TC.test_format_string,2,YES
184,astroid,test_nodes.py,CC0063,Type-2,ConstNodeTest.test_none,7,YES
185,astroid,test_nodes.py,CC0063,Type-2,ConstNodeTest.test_bool,7,YES
186,astroid,test_nodes.py,CC0063,Type-2,ConstNodeTest.test_int,7,YES
187,astroid,test_nodes.py,CC0063,Type-2,ConstNodeTest.test_float,7,YES
188,astroid,test_nodes.py,CC0063,Type-2,ConstNodeTest.test_complex,7,YES
189,astroid,test_nodes.py,CC0063,Type-2,ConstNodeTest.test_str,7,YES
190,astroid,test_nodes.py,CC0063,Type-2,ConstNodeTest.test_unicode,7,YES
191,astroid,test_nodes.py,CC0064,Type-2,BoundMethodNodeTest.test_is_standard_property,3,YES
192,astroid,test_nodes.py,CC0064,Type-2,BoundMethodNodeTest.test_is_possible_property,3,YES
193,astroid,test_nodes.py,CC0064,Type-2,BoundMethodNodeTest.test_is_standard_property_subclass,3,YES
194,astroid,test_nodes.py,CC0065,Type-2,BoundMethodNodeTest.test_is_standard_property_py311,2,YES
195,astroid,test_nodes.py,CC0065,Type-2,BoundMethodNodeTest.test_is_standard_property_subclass_py311,2,YES
196,astroid,test_nodes.py,CC0066,Type-2,Python35AsyncTest.test_await_as_string,4,YES
197,astroid,test_nodes.py,CC0066,Type-2,Python35AsyncTest.test_asyncwith_as_string,4,YES
198,astroid,test_nodes.py,CC0066,Type-2,Python35AsyncTest.test_asyncfor_as_string,4,YES
199,astroid,test_nodes.py,CC0066,Type-2,Python35AsyncTest.test_decorated_async_def_as_string,4,YES
200,astroid,test_nodes.py,CC0067,Type-2,ImportNodeTest.test_conditional,2,YES
201,astroid,test_nodes.py,CC0067,Type-2,ImportNodeTest.test_conditional_import,2,YES
202,astroid,test_nodes.py,CC0068,Type-2,ContextTest.test_subscript_load,3,YES
203,astroid,test_nodes.py,CC0068,Type-2,ContextTest.test_list_load,3,YES
204,astroid,test_nodes.py,CC0068,Type-2,ContextTest.test_tuple_load,3,YES
205,astroid,test_nodes.py,CC0069,Type-2,ContextTest.test_subscript_del,2,YES
206,astroid,test_nodes.py,CC0069,Type-2,ContextTest.test_list_del,2,YES
207,astroid,test_nodes.py,CC0070,Type-2,ContextTest.test_list_store,2,YES
208,astroid,test_nodes.py,CC0070,Type-2,ContextTest.test_tuple_store,2,YES
209,astroid,test_nodes.py,CC0071,Type-2,test_is_generator_for_yield_in_while,3,YES
210,astroid,test_nodes.py,CC0071,Type-2,test_is_generator_for_yield_in_if,3,YES
211,astroid,test_nodes.py,CC0071,Type-2,test_is_generator_for_yield_in_aug_assign,3,YES
212,astroid,test_nodes.py,CC0072,Type-2,AsStringTypeParamNodes.test_as_string_type_var,3,YES
213,astroid,test_nodes.py,CC0072,Type-2,AsStringTypeParamNodes.test_as_string_type_var_tuple,3,YES
214,astroid,test_nodes.py,CC0072,Type-2,AsStringTypeParamNodes.test_as_string_param_spec,3,YES
215,astroid,test_nodes.py,CC0073,Type-2,AsStringTypeParamNodes.test_as_string_type_var_default,3,YES
216,astroid,test_nodes.py,CC0073,Type-2,AsStringTypeParamNodes.test_as_string_type_var_tuple_defaults,3,YES
217,astroid,test_nodes.py,CC0073,Type-2,AsStringTypeParamNodes.test_as_string_param_spec_defaults,3,YES
218,astroid,test_nodes.py,CC0074,Type-2,AsStringTypeParamNodes.test_as_string_class_type_params,2,YES
219,astroid,test_nodes.py,CC0074,Type-2,AsStringTypeParamNodes.test_as_string_function_type_params,2,YES
220,astroid,test_nodes.py,CC0075,Type-2,test_type_comments_for,2,YES
221,astroid,test_nodes.py,CC0075,Type-2,test_type_coments_assign,2,YES
222,astroid,test_nodes.py,CC0076,Type-2,AsStringTest.test_ellipsis,2,YES
223,astroid,test_nodes.py,CC0076,Type-2,AsStringTest.test_varargs_kwargs_as_string,2,YES
224,astroid,test_brain.py,CC0077,Type-2,CollectionsDequeTests.test_deque,2,YES
225,astroid,test_brain.py,CC0077,Type-2,CollectionsDequeTests.test_deque_py39methods,2,YES
226,astroid,test_brain.py,CC0078,Type-2,TypingBrain.test_tuple_type,2,YES
227,astroid,test_brain.py,CC0078,Type-2,TypingBrain.test_callable_type,2,YES
228,astroid,test_brain.py,CC0079,Type-2,TypingBrain.test_typing_no_duplicates,2,YES
229,astroid,test_brain.py,CC0079,Type-2,TypingBrain.test_typing_no_duplicates_2,2,YES
230,astroid,test_brain.py,CC0080,Type-2,TypingBrain.test_typing_cast,2,YES
231,astroid,test_brain.py,CC0080,Type-2,TypingBrain.test_typing_cast_attribute,2,YES
232,astroid,test_brain.py,CC0081,Type-2,TypingBrain.test_typing_alias_type,2,YES
233,astroid,test_brain.py,CC0081,Type-2,TypingBrain.test_typing_alias_type_2,2,YES
234,astroid,test_brain.py,CC0082,Type-2,TestIsinstanceInference.test_type_type,16,YES
235,astroid,test_brain.py,CC0082,Type-2,TestIsinstanceInference.test_object_type,16,YES
236,astroid,test_brain.py,CC0082,Type-2,TestIsinstanceInference.test_type_object,16,YES
237,astroid,test_brain.py,CC0082,Type-2,TestIsinstanceInference.test_isinstance_int_true,16,YES
238,astroid,test_brain.py,CC0082,Type-2,TestIsinstanceInference.test_isinstance_int_false,16,YES
239,astroid,test_brain.py,CC0082,Type-2,TestIsinstanceInference.test_isinstance_object_true,16,YES
240,astroid,test_brain.py,CC0082,Type-2,TestIsinstanceInference.test_isinstance_object_true3,16,YES
241,astroid,test_brain.py,CC0082,Type-2,TestIsinstanceInference.test_isinstance_class_false,16,YES
242,astroid,test_brain.py,CC0082,Type-2,TestIsinstanceInference.test_isinstance_type_false,16,YES
243,astroid,test_brain.py,CC0082,Type-2,TestIsinstanceInference.test_isinstance_str_true,16,YES
244,astroid,test_brain.py,CC0082,Type-2,TestIsinstanceInference.test_isinstance_str_false,16,YES
245,astroid,test_brain.py,CC0082,Type-2,TestIsinstanceInference.test_isinstance_tuple_argument,16,YES
246,astroid,test_brain.py,CC0082,Type-2,TestIsinstanceInference.test_isinstance_type_false2,16,YES
247,astroid,test_brain.py,CC0082,Type-2,TestIsinstanceInference.test_isinstance_object_true2,16,YES
248,astroid,test_brain.py,CC0082,Type-2,TestIsinstanceInference.test_isinstance_type_true,16,YES
249,astroid,test_brain.py,CC0082,Type-2,TestIsinstanceInference.test_isinstance_edge_case,16,YES
250,astroid,test_brain.py,CC0083,Type-2,TestIssubclassBrain.test_type_type,12,YES
251,astroid,test_brain.py,CC0083,Type-2,TestIssubclassBrain.test_object_type,12,YES
252,astroid,test_brain.py,CC0083,Type-2,TestIssubclassBrain.test_type_object,12,YES
253,astroid,test_brain.py,CC0083,Type-2,TestIssubclassBrain.test_issubclass_same_class,12,YES
254,astroid,test_brain.py,CC0083,Type-2,TestIssubclassBrain.test_issubclass_not_the_same_class,12,YES
255,astroid,test_brain.py,CC0083,Type-2,TestIssubclassBrain.test_issubclass_object_true,12,YES
256,astroid,test_brain.py,CC0083,Type-2,TestIssubclassBrain.test_issubclass_same_user_defined_class,12,YES
257,astroid,test_brain.py,CC0083,Type-2,TestIssubclassBrain.test_issubclass_different_user_defined_classes,12,YES
258,astroid,test_brain.py,CC0083,Type-2,TestIssubclassBrain.test_issubclass_type_false,12,YES
259,astroid,test_brain.py,CC0083,Type-2,TestIssubclassBrain.test_isinstance_tuple_argument,12,YES
260,astroid,test_brain.py,CC0083,Type-2,TestIssubclassBrain.test_isinstance_object_true2,12,YES
261,astroid,test_brain.py,CC0083,Type-2,TestIssubclassBrain.test_issubclass_short_circuit,12,YES
262,astroid,test_brain.py,CC0084,Type-2,TestIssubclassBrain.test_uninferable_bad_type,3,YES
263,astroid,test_brain.py,CC0084,Type-2,TestIssubclassBrain.test_uninferable_keywords,3,YES
264,astroid,test_brain.py,CC0084,Type-2,TestIssubclassBrain.test_too_many_args,3,YES
265,astroid,test_brain.py,CC0085,Type-2,TestLenBuiltinInference.test_len_string,3,YES
266,astroid,test_brain.py,CC0085,Type-2,TestLenBuiltinInference.test_len_bytes,3,YES
267,astroid,test_brain.py,CC0085,Type-2,TestLenBuiltinInference.test_int_subclass_result,3,YES
268,astroid,test_brain.py,CC0086,Type-2,TestLenBuiltinInference.test_len_tuple,5,YES
269,astroid,test_brain.py,CC0086,Type-2,TestLenBuiltinInference.test_len_var,5,YES
270,astroid,test_brain.py,CC0086,Type-2,TestLenBuiltinInference.test_len_dict,5,YES
271,astroid,test_brain.py,CC0086,Type-2,TestLenBuiltinInference.test_len_set,5,YES
272,astroid,test_brain.py,CC0086,Type-2,TestLenBuiltinInference.test_len_object,5,YES
273,astroid,test_threading.py,CC0087,Type-2,ThreadingBrainTest.test_rlock,3,YES
274,astroid,test_threading.py,CC0087,Type-2,ThreadingBrainTest.test_semaphore,3,YES
275,astroid,test_threading.py,CC0087,Type-2,ThreadingBrainTest.test_boundedsemaphore,3,YES
276,astroid,test_dataclasses.py,CC0088,Type-2,test_inference_non_field_default,2,YES
277,astroid,test_dataclasses.py,CC0088,Type-2,test_inference_field_default,2,YES
278,astroid,test_dataclasses.py,CC0089,Type-2,test_inference_no_annotation,3,YES
279,astroid,test_dataclasses.py,CC0089,Type-2,test_inference_class_var,3,YES
280,astroid,test_dataclasses.py,CC0089,Type-2,test_inference_init_var,3,YES
281,astroid,test_dataclasses.py,CC0090,Type-2,test_init_no_defaults,5,YES
282,astroid,test_dataclasses.py,CC0090,Type-2,test_init_initvar,5,YES
283,astroid,test_dataclasses.py,CC0090,Type-2,test_init_field_init_false,5,YES
284,astroid,test_dataclasses.py,CC0090,Type-2,test_init_override,5,YES
285,astroid,test_dataclasses.py,CC0090,Type-2,test_init_attributes_from_superclasses,5,YES
286,astroid,test_dataclasses.py,CC0091,Type-2,test_init_decorator_init_false,2,YES
287,astroid,test_dataclasses.py,CC0091,Type-2,test_invalid_init,2,YES
288,astroid,test_named_tuple.py,CC0092,Type-2,test_namedtuple_uninferable_fields,9,YES
289,astroid,test_named_tuple.py,CC0092,Type-2,test_no_rename_duplicates_does_not_crash_inference,9,YES
290,astroid,test_named_tuple.py,CC0092,Type-2,test_no_rename_keywords_does_not_crash_inference,9,YES
291,astroid,test_named_tuple.py,CC0092,Type-2,test_no_rename_nonident_does_not_crash_inference,9,YES
292,astroid,test_named_tuple.py,CC0092,Type-2,test_no_rename_underscore_does_not_crash_inference,9,YES
293,astroid,test_named_tuple.py,CC0092,Type-2,test_invalid_typename_does_not_crash_inference,9,YES
294,astroid,test_named_tuple.py,CC0092,Type-2,test_keyword_typename_does_not_crash_inference,9,YES
295,astroid,test_named_tuple.py,CC0092,Type-2,test_typeerror_does_not_crash_inference,9,YES
296,astroid,test_named_tuple.py,CC0092,Type-2,test_pathological_str_does_not_crash_inference,9,YES
297,astroid,test_named_tuple.py,CC0093,Type-2,test_namedtuple_func_form,2,YES
298,astroid,test_named_tuple.py,CC0093,Type-2,test_namedtuple_func_form_args_and_kwargs,2,YES
299,astroid,test_named_tuple.py,CC0094,Type-2,test_namedtuple_access_class_fields,2,YES
300,astroid,test_named_tuple.py,CC0094,Type-2,test_namedtuple_rename_keywords,2,YES
301,astroid,test_named_tuple.py,CC0095,Type-2,test_namedtuple_rename_duplicates,2,YES
302,astroid,test_named_tuple.py,CC0095,Type-2,test_namedtuple_rename_uninferable,2,YES
303,astroid,test_hashlib.py,CC0096,Type-2,HashlibTest.test_hashlib,2,YES
304,astroid,test_hashlib.py,CC0096,Type-2,HashlibTest.test_shake,2,YES
305,astroid,test_enum.py,CC0097,Type-2,test_enum_multiple_base_classes,2,YES
306,astroid,test_enum.py,CC0097,Type-2,test_int_enum,2,YES
307,astroid,test_enum.py,CC0098,Type-2,test_user_enum_false_positive,4,YES
308,astroid,test_enum.py,CC0098,Type-2,test_enum_subclass_member_name,4,YES
309,astroid,test_enum.py,CC0098,Type-2,test_enum_subclass_member_value,4,YES
310,astroid,test_enum.py,CC0098,Type-2,test_enum_subclass_member_method,4,YES
311,astroid,test_enum.py,CC0099,Type-2,test_mingled_single_and_double_quotes_does_not_crash,2,YES
312,astroid,test_enum.py,CC0099,Type-2,test_special_characters_does_not_crash,2,YES
313,astroid,test_pathlib.py,CC0100,Type-2,test_inference_parents,2,YES
314,astroid,test_pathlib.py,CC0100,Type-2,test_inference_parents_subscript_index,2,YES
315,astroid,test_core_numerictypes.py,CC0101,Type-2,NumpyBrainCoreNumericTypesTest.test_generic_types_have_attributes,3,YES
316,astroid,test_core_numerictypes.py,CC0101,Type-2,NumpyBrainCoreNumericTypesTest.test_number_types_have_unary_operators,3,YES
317,astroid,test_core_numerictypes.py,CC0101,Type-2,NumpyBrainCoreNumericTypesTest.test_array_types_have_unary_operators,3,YES
318,astroid,test_core_multiarray.py,CC0102,Type-2,BrainNumpyCoreMultiarrayTest.test_numpy_function_calls_inferred_as_ndarray,5,YES
319,astroid,test_core_multiarray.py,CC0102,Type-2,BrainNumpyCoreMultiarrayTest.test_numpy_function_calls_inferred_as_bool,5,YES
320,astroid,test_core_multiarray.py,CC0102,Type-2,BrainNumpyCoreMultiarrayTest.test_numpy_function_calls_inferred_as_dtype,5,YES
321,astroid,test_core_multiarray.py,CC0102,Type-2,BrainNumpyCoreMultiarrayTest.test_numpy_function_calls_inferred_as_none,5,YES
322,astroid,test_core_multiarray.py,CC0102,Type-2,BrainNumpyCoreMultiarrayTest.test_numpy_function_calls_inferred_as_tuple,5,YES
323,astroid,test_core_umath.py,CC0103,Type-2,NumpyBrainCoreUmathTest.test_numpy_core_umath_functions_one_arg,2,YES
324,astroid,test_core_umath.py,CC0103,Type-2,NumpyBrainCoreUmathTest.test_numpy_core_umath_functions_two_args,2,YES
325,astroid,test_bump_changelog.py,CC0104,Type-2,test_update_content,2,YES
326,astroid,test_bump_changelog.py,CC0104,Type-2,test_update_content_major,2,YES
327,jedi,test_utils.py,CC0001,Type-2,TestSetupReadline.test_nested,2,YES
328,jedi,test_utils.py,CC0001,Type-2,TestSetupReadline.test_magic_methods,2,YES
329,jedi,test_utils.py,CC0002,Type-2,TestSetupReadline.test_calls,2,YES
330,jedi,test_utils.py,CC0002,Type-2,TestSetupReadline.test_local_import,2,YES
331,jedi,test_buildout_detection.py,CC0003,Type-2,test_append_on_non_sys_path,2,YES
332,jedi,test_buildout_detection.py,CC0003,Type-2,test_path_from_invalid_sys_path_assignment,2,YES
333,jedi,test_docstring.py,CC0004,Type-2,test_function_doc,3,YES
334,jedi,test_docstring.py,CC0004,Type-2,test_instance_doc,3,YES
335,jedi,test_docstring.py,CC0004,Type-2,test_docstring_params_formatting,3,YES
336,jedi,test_docstring.py,CC0005,Type-2,test_docstrings_type_dotted_import,3,YES
337,jedi,test_docstring.py,CC0005,Type-2,test_docstrings_param_type,3,YES
338,jedi,test_docstring.py,CC0005,Type-2,test_docstrings_type_str,3,YES
339,jedi,test_docstring.py,CC0006,Type-2,test_numpydoc_parameters_set_of_values,4,YES
340,jedi,test_docstring.py,CC0006,Type-2,test_numpydoc_returns,4,YES
341,jedi,test_docstring.py,CC0006,Type-2,test_numpydoc_returns_set_of_values,4,YES
342,jedi,test_docstring.py,CC0006,Type-2,test_numpydoc_yields,4,YES
343,jedi,test_docstring.py,CC0007,Type-2,test_numpy_returns,2,YES
344,jedi,test_docstring.py,CC0007,Type-2,test_numpy_comp_returns,2,YES
345,jedi,test_typeshed.py,CC0008,Type-2,test_class,2,YES
346,jedi,test_typeshed.py,CC0008,Type-2,test_class_function,2,YES
347,jedi,test_call_signatures.py,CC0009,Type-2,test_additional_brackets,2,YES
348,jedi,test_call_signatures.py,CC0009,Type-2,test_unterminated_strings,2,YES
349,jedi,test_call_signatures.py,CC0010,Type-2,test_call_init_on_class,2,YES
350,jedi,test_call_signatures.py,CC0010,Type-2,test_call_init_on_instance,2,YES
351,jedi,test_names.py,CC0011,Type-2,test_get_definitions_flat,4,YES
352,jedi,test_names.py,CC0011,Type-2,test_dotted_assignment,4,YES
353,jedi,test_names.py,CC0011,Type-2,test_multiple_assignment,4,YES
354,jedi,test_names.py,CC0011,Type-2,test_multiple_imports,4,YES
355,jedi,test_full_name.py,CC0012,Type-2,MixinTestFullName.test_os_path_join,2,YES
356,jedi,test_full_name.py,CC0012,Type-2,MixinTestFullName.test_builtin,2,YES
357,jedi,test_full_name.py,CC0013,Type-2,TestFullNameWithGotoDefinitions.test_tuple_mapping,2,YES
358,jedi,test_full_name.py,CC0013,Type-2,TestFullNameWithGotoDefinitions.test_from_import,2,YES
359,jedi,test_full_name.py,CC0014,Type-2,TestFullDefinedName.test_local_names,2,YES
360,jedi,test_full_name.py,CC0014,Type-2,TestFullDefinedName.test_imports,2,YES
361,jedi,test_interpreter.py,CC0015,Type-2,test_getattr,2,YES
362,jedi,test_interpreter.py,CC0015,Type-2,test_slice,2,YES
363,jedi,test_interpreter.py,CC0016,Type-2,test_name_not_inferred_properly,2,YES
364,jedi,test_interpreter.py,CC0016,Type-2,test_variable_reuse,2,YES
365,parso,test_diff_parser.py,CC0001,Type-2,test_one_call_in_function_change,11,YES
366,parso,test_diff_parser.py,CC0001,Type-2,test_function_deletion,11,YES
367,parso,test_diff_parser.py,CC0001,Type-2,test_paren_in_strange_position,11,YES
368,parso,test_diff_parser.py,CC0001,Type-2,test_parentheses_before_method,11,YES
369,parso,test_diff_parser.py,CC0001,Type-2,test_error_dedent_issues,11,YES
370,parso,test_diff_parser.py,CC0001,Type-2,test_random_text_insertion,11,YES
371,parso,test_diff_parser.py,CC0001,Type-2,test_many_nested_ifs,11,YES
372,parso,test_diff_parser.py,CC0001,Type-2,test_backslash_issue,11,YES
373,parso,test_diff_parser.py,CC0001,Type-2,test_paren_with_indentation,11,YES
374,parso,test_diff_parser.py,CC0001,Type-2,test_backslash_insertion,11,YES
375,parso,test_diff_parser.py,CC0001,Type-2,test_yet_another_backslash,11,YES
376,parso,test_diff_parser.py,CC0002,Type-2,test_special_no_newline_ending,4,YES
377,parso,test_diff_parser.py,CC0002,Type-2,test_random_character_insertion,4,YES
378,parso,test_diff_parser.py,CC0002,Type-2,test_error_dedent_in_between,4,YES
379,parso,test_diff_parser.py,CC0002,Type-2,test_some_other_indentation_issues,4,YES
380,parso,test_diff_parser.py,CC0003,Type-2,test_dedent_end_positions,3,YES
381,parso,test_diff_parser.py,CC0003,Type-2,test_dont_copy_error_leaves,3,YES
382,parso,test_diff_parser.py,CC0003,Type-2,test_wrong_indent_in_def,3,YES
383,parso,test_diff_parser.py,CC0004,Type-2,test_import_opening_bracket,3,YES
384,parso,test_diff_parser.py,CC0004,Type-2,test_opening_bracket_at_end,3,YES
385,parso,test_diff_parser.py,CC0004,Type-2,test_open_bracket_case2,3,YES
386,parso,test_diff_parser.py,CC0005,Type-2,test_classes_with_error_leaves,13,YES
387,parso,test_diff_parser.py,CC0005,Type-2,test_error_dedent_in_function,13,YES
388,parso,test_diff_parser.py,CC0005,Type-2,test_with_formfeed,13,YES
389,parso,test_diff_parser.py,CC0005,Type-2,test_repeating_invalid_indent,13,YES
390,parso,test_diff_parser.py,CC0005,Type-2,test_invalid_function,13,YES
391,parso,test_diff_parser.py,CC0005,Type-2,test_async_func2,13,YES
392,parso,test_diff_parser.py,CC0005,Type-2,test_weird_ending,13,YES
393,parso,test_diff_parser.py,CC0005,Type-2,test_nested_class,13,YES
394,parso,test_diff_parser.py,CC0005,Type-2,test_class_with_paren_breaker,13,YES
395,parso,test_diff_parser.py,CC0005,Type-2,test_fstring_with_error_leaf,13,YES
396,parso,test_diff_parser.py,CC0005,Type-2,test_backslash_before_def,13,YES
397,parso,test_diff_parser.py,CC0005,Type-2,test_one_line_function_error_recovery,13,YES
398,parso,test_diff_parser.py,CC0005,Type-2,test_one_line_property_error_recovery,13,YES
399,parso,test_diff_parser.py,CC0006,Type-2,test_differing_docstrings,2,YES
400,parso,test_diff_parser.py,CC0006,Type-2,test_docstring_removal,2,YES
401,parso,test_diff_parser.py,CC0007,Type-2,test_unfinished_nodes,5,YES
402,parso,test_diff_parser.py,CC0007,Type-2,test_node_insertion,5,YES
403,parso,test_diff_parser.py,CC0007,Type-2,test_in_parentheses_newlines,5,YES
404,parso,test_diff_parser.py,CC0007,Type-2,test_invalid_to_valid_nodes,5,YES
405,parso,test_diff_parser.py,CC0007,Type-2,test_another_random_indent,5,YES
406,parso,test_diff_parser.py,CC0008,Type-2,test_in_class_movements,2,YES
407,parso,test_diff_parser.py,CC0008,Type-2,test_indentation_issue,2,YES
408,parso,test_diff_parser.py,CC0009,Type-2,test_paren_before_docstring,2,YES
409,parso,test_diff_parser.py,CC0009,Type-2,test_wrong_backslash,2,YES
410,parso,test_tokenize.py,CC0010,Type-2,test_tokenize_multiline_I,3,YES
411,parso,test_tokenize.py,CC0010,Type-2,test_tokenize_multiline_II,3,YES
412,parso,test_tokenize.py,CC0010,Type-2,test_tokenize_multiline_III,3,YES
413,parso,test_tokenize.py,CC0011,Type-2,test_indent_error_recovery,2,YES
414,parso,test_tokenize.py,CC0011,Type-2,test_error_token_after_dedent,2,YES
415,parso,test_old_fast_parser.py,CC0012,Type-2,test_for,10,YES
416,parso,test_old_fast_parser.py,CC0012,Type-2,test_class_with_class_var,10,YES
417,parso,test_old_fast_parser.py,CC0012,Type-2,test_func_with_if,10,YES
418,parso,test_old_fast_parser.py,CC0012,Type-2,test_decorator,10,YES
419,parso,test_old_fast_parser.py,CC0012,Type-2,test_nested_funcs,10,YES
420,parso,test_old_fast_parser.py,CC0012,Type-2,test_multi_line_params,10,YES
421,parso,test_old_fast_parser.py,CC0012,Type-2,test_class_func_if,10,YES
422,parso,test_old_fast_parser.py,CC0012,Type-2,test_multi_line_for,10,YES
423,parso,test_old_fast_parser.py,CC0012,Type-2,test_strange_parentheses,10,YES
424,parso,test_old_fast_parser.py,CC0012,Type-2,test_additional_indent,10,YES
425,parso,test_old_fast_parser.py,CC0013,Type-2,test_fake_parentheses,2,YES
426,parso,test_old_fast_parser.py,CC0013,Type-2,test_parentheses_in_string,2,YES
427,parso,test_pgen2.py,CC0014,Type-2,test_async_for,14,YES
428,parso,test_pgen2.py,CC0014,Type-2,test_async_with,14,YES
429,parso,test_pgen2.py,CC0014,Type-2,test_async_with_invalid,14,YES
430,parso,test_pgen2.py,CC0014,Type-2,test_raise_3x_style,14,YES
431,parso,test_pgen2.py,CC0014,Type-2,test_annotation_1,14,YES
432,parso,test_pgen2.py,CC0014,Type-2,test_annotation_2,14,YES
433,parso,test_pgen2.py,CC0014,Type-2,test_annotation_3,14,YES
434,parso,test_pgen2.py,CC0014,Type-2,test_annotation_4,14,YES
435,parso,test_pgen2.py,CC0014,Type-2,test_annotation_5,14,YES
436,parso,test_pgen2.py,CC0014,Type-2,test_set_literal_1,14,YES
437,parso,test_pgen2.py,CC0014,Type-2,test_set_literal_2,14,YES
438,parso,test_pgen2.py,CC0014,Type-2,test_set_literal_3,14,YES
439,parso,test_pgen2.py,CC0014,Type-2,test_set_literal_4,14,YES
440,parso,test_pgen2.py,CC0014,Type-2,test_dict_unpacking,14,YES
441,parso,test_pgen2.py,CC0015,Type-2,test_raise_2x_style_2,4,YES
442,parso,test_pgen2.py,CC0015,Type-2,test_raise_2x_style_3,4,YES
443,parso,test_pgen2.py,CC0015,Type-2,test_old_octal_notation,4,YES
444,parso,test_pgen2.py,CC0015,Type-2,test_py2_backticks,4,YES
445,parso,test_pgen2.py,CC0016,Type-2,test_raise_3x_style_1,7,YES
446,parso,test_pgen2.py,CC0016,Type-2,test_raise_3x_style_invalid_1,7,YES
447,parso,test_pgen2.py,CC0016,Type-2,test_raise_3x_style_invalid_2,7,YES
448,parso,test_pgen2.py,CC0016,Type-2,test_raise_3x_style_invalid_3,7,YES
449,parso,test_pgen2.py,CC0016,Type-2,test_raise_3x_style_invalid_4,7,YES
450,parso,test_pgen2.py,CC0016,Type-2,test_annotation_6,7,YES
451,parso,test_pgen2.py,CC0016,Type-2,test_annotation_7,7,YES
452,parso,test_pgen2.py,CC0017,Type-2,test_matrix_multiplication_operator,2,YES
453,parso,test_pgen2.py,CC0017,Type-2,test_py3_rb,2,YES
454,parso,test_pgen2.py,CC0018,Type-2,test_new_octal_notation,2,YES
455,parso,test_pgen2.py,CC0018,Type-2,test_new_binary_notation,2,YES
456,parso,test_pgen2.py,CC0019,Type-2,test_multiline_bytes_literals,3,YES
457,parso,test_pgen2.py,CC0019,Type-2,test_multiline_bytes_tripquote_literals,3,YES
458,parso,test_pgen2.py,CC0019,Type-2,test_multiline_str_literals,3,YES
459,parso,test_pgen2.py,CC0020,Type-2,test_await_expr,2,YES
460,parso,test_pgen2.py,CC0020,Type-2,test_parser_idempotency_extended_unpacking,2,YES
461,parso,test_python_errors.py,CC0021,Type-2,test_syntax_errors,2,YES
462,parso,test_python_errors.py,CC0021,Type-2,test_indentation_errors,2,YES
463,parso,test_python_errors.py,CC0022,Type-2,test_valid_fstrings,4,YES
464,parso,test_python_errors.py,CC0022,Type-2,test_valid_namedexpr,4,YES
465,parso,test_python_errors.py,CC0022,Type-2,test_valid_namedexpr_set,4,YES
466,parso,test_python_errors.py,CC0022,Type-2,test_valid_namedexpr_index,4,YES
467,parso,test_python_errors.py,CC0023,Type-2,test_valid_empty_assignment,2,YES
468,parso,test_python_errors.py,CC0023,Type-2,test_valid_del,2,YES
469,parso,test_load_grammar.py,CC0024,Type-2,test_load_inexisting_grammar,2,YES
470,parso,test_load_grammar.py,CC0024,Type-2,test_grammar_int_version,2,YES
471,requests,test_utils.py,CC0001,,TestSuperLen.test_string,2,YES
472,requests,test_utils.py,CC0001,,TestSuperLen.test_super_len_with_no_matches,2,YES
473,requests,test_requests.py,CC0002,,TestRequests.test_http_301_changes_post_to_get,3,YES
474,requests,test_requests.py,CC0002,,TestRequests.test_http_302_changes_post_to_get,3,YES
475,requests,test_requests.py,CC0002,,TestRequests.test_http_303_changes_post_to_get,3,YES
476,requests,test_requests.py,CC0003,,TestRequests.test_http_302_doesnt_change_head_to_get,2,YES
477,requests,test_requests.py,CC0003,,TestRequests.test_http_303_doesnt_change_head_to_get,2,YES
478,requests,test_requests.py,CC0004,,TestRequests.test_should_strip_auth_host_change,3,YES
479,requests,test_requests.py,CC0004,,TestRequests.test_should_strip_auth_http_downgrade,3,YES
480,requests,test_requests.py,CC0004,,TestRequests.test_should_strip_auth_port_change,3,YES
481,requests,test_requests.py,CC0005,,TestRequests.test_proxy_auth,2,YES
482,requests,test_requests.py,CC0005,,TestRequests.test_proxy_auth_empty_pass,2,YES
483,requests,test_help.py,CC0006,Type-2,test_idna_without_version_attribute,2,YES
484,requests,test_help.py,CC0006,Type-2,test_idna_with_version_attribute,2,YES
